weekday,passenger_avg
1,1.477260984044968
2,1.4067982173301063
3,1.3954746072919582
4,1.3989493499842718
5,1.406200867676962
6,1.4365215512575882
7,1.4992549090651461
