weekday,passenger_avg
1,1.6150594331981722
2,1.569402419422442
3,1.5631897680636742
4,1.5614476407982383
5,1.565885592325066
6,1.5893088037856469
7,1.6426442115651214
