weekday,passenger_avg
1,1.5901547350970786
2,1.5265412357362314
3,1.52197199402352
4,1.5209653909598355
5,1.5266910850802387
6,1.5563018007002074
7,1.6241560279365466
