weekday,passenger_avg
1,1.4998285487318794
2,1.4413682837682325
3,1.433681655871319
4,1.4405675974966197
5,1.4442345223827808
6,1.4715914232929552
7,1.5391647659418728
