weekday,passenger_avg
1,1.6357991132977039
2,1.5905173204084988
3,1.5844622323423032
4,1.5823767226205632
5,1.5867279919921924
6,1.6077648460707583
7,1.6589148659920812
